bench_job,collection,tier,seller_key,label,elapsed_ms,count,error
search_attributes,bench_attributes,small,3617b942,[small] filters_only_no_filters,48.8983,1,
search_attributes,bench_attributes,small,3617b942,[small] filters_only_multiple_filters_mtg,53.2395,0,
search_attributes,bench_attributes,small,3617b942,[small] filters_only_multiple_filters_pkm,50.3954,0,
search_attributes,bench_attributes,small,3617b942,[small] filters_only_line_and_rarity,51.7415,1,
search_attributes,bench_attributes,small,3617b942,[small] filters_only_line_and_languages,50.8207,1,
search_attributes,bench_attributes,small,3617b942,[small] filters_only_product_line_only,58.0639,1,
search_attributes,bench_attributes,small,3617b942,[small] filters_only_product_line_with_quantity,50.5275,0,
search_attributes,bench_attributes,small,3617b942,[small] filters_only_rare_product_line,50.4929,0,
search_attributes,bench_attributes,small,3617b942,[small] filters_and_deep_pagination_no_filters,49.6971,0,
search_attributes,bench_attributes,small,3617b942,[small] filters_and_deep_pagination_multiple_filters_mtg,52.0570,0,
search_attributes,bench_attributes,small,3617b942,[small] filters_and_deep_pagination_multiple_filters_pkm,49.9249,0,
search_attributes,bench_attributes,small,3617b942,[small] filters_and_deep_pagination_line_and_rarity,51.9085,0,
search_attributes,bench_attributes,small,3617b942,[small] filters_and_deep_pagination_line_and_languages,50.6932,0,
search_attributes,bench_attributes,small,3617b942,[small] filters_and_deep_pagination_product_line_only,54.6523,0,
search_attributes,bench_attributes,small,3617b942,[small] filters_and_deep_pagination_product_line_with_quantity,49.9297,0,
search_attributes,bench_attributes,small,3617b942,[small] filters_and_deep_pagination_rare_product_line,49.7224,0,
search_attributes,bench_attributes,small,3617b942,[small] search_no_filters,67.6284,0,
search_attributes,bench_attributes,small,3617b942,[small] search_multiple_filters_mtg,51.3245,0,
search_attributes,bench_attributes,small,3617b942,[small] search_multiple_filters_pkm,52.8741,0,
search_attributes,bench_attributes,small,3617b942,[small] search_line_and_rarity,51.2013,0,
search_attributes,bench_attributes,small,3617b942,[small] search_line_and_languages,52.7195,0,
search_attributes,bench_attributes,small,3617b942,[small] search_product_line_only,51.4158,0,
search_attributes,bench_attributes,small,3617b942,[small] search_product_line_with_quantity,52.1027,0,
search_attributes,bench_attributes,small,3617b942,[small] search_rare_product_line,51.6788,0,
search_attributes,bench_attributes,small,3617b942,[small] search_and_sort_quantity_no_filters,53.4641,0,
search_attributes,bench_attributes,small,3617b942,[small] search_and_sort_quantity_multiple_filters_mtg,51.3008,0,
search_attributes,bench_attributes,small,3617b942,[small] search_and_sort_quantity_multiple_filters_pkm,53.1107,0,
search_attributes,bench_attributes,small,3617b942,[small] search_and_sort_quantity_line_and_rarity,53.5643,0,
search_attributes,bench_attributes,small,3617b942,[small] search_and_sort_quantity_line_and_languages,52.0647,0,
search_attributes,bench_attributes,small,3617b942,[small] search_and_sort_quantity_product_line_only,50.8830,0,
search_attributes,bench_attributes,small,3617b942,[small] search_and_sort_quantity_product_line_with_quantity,52.0672,0,
search_attributes,bench_attributes,small,3617b942,[small] search_and_sort_quantity_rare_product_line,51.5217,0,
search_attributes,bench_attributes,small,3617b942,[small] search_and_pagination_no_filters,52.9899,0,
search_attributes,bench_attributes,small,3617b942,[small] search_and_pagination_multiple_filters_mtg,51.1297,0,
search_attributes,bench_attributes,small,3617b942,[small] search_and_pagination_multiple_filters_pkm,53.0847,0,
search_attributes,bench_attributes,small,3617b942,[small] search_and_pagination_line_and_rarity,53.5736,0,
search_attributes,bench_attributes,small,3617b942,[small] search_and_pagination_line_and_languages,53.2351,0,
search_attributes,bench_attributes,small,3617b942,[small] search_and_pagination_product_line_only,51.9662,0,
search_attributes,bench_attributes,small,3617b942,[small] search_and_pagination_product_line_with_quantity,52.9092,0,
search_attributes,bench_attributes,small,3617b942,[small] search_and_pagination_rare_product_line,50.7919,0,
search_attributes,bench_attributes,small,3617b942,[small] search_and_deep_pagination_no_filters,52.6083,0,
search_attributes,bench_attributes,small,3617b942,[small] search_and_deep_pagination_multiple_filters_mtg,50.6313,0,
search_attributes,bench_attributes,small,3617b942,[small] search_and_deep_pagination_multiple_filters_pkm,53.0609,0,
search_attributes,bench_attributes,small,3617b942,[small] search_and_deep_pagination_line_and_rarity,51.6346,0,
search_attributes,bench_attributes,small,3617b942,[small] search_and_deep_pagination_line_and_languages,52.2845,0,
search_attributes,bench_attributes,small,3617b942,[small] search_and_deep_pagination_product_line_only,50.7749,0,
search_attributes,bench_attributes,small,3617b942,[small] search_and_deep_pagination_product_line_with_quantity,53.8915,0,
search_attributes,bench_attributes,small,3617b942,[small] search_and_deep_pagination_rare_product_line,52.0232,0,
search_attributes,bench_attributes,small,0750c1d5,[small] filters_only_no_filters,50.5948,1,
search_attributes,bench_attributes,small,0750c1d5,[small] filters_only_multiple_filters_mtg,50.4745,0,
search_attributes,bench_attributes,small,0750c1d5,[small] filters_only_multiple_filters_pkm,52.5500,0,
search_attributes,bench_attributes,small,0750c1d5,[small] filters_only_line_and_rarity,49.6828,0,
search_attributes,bench_attributes,small,0750c1d5,[small] filters_only_line_and_languages,49.2779,0,
search_attributes,bench_attributes,small,0750c1d5,[small] filters_only_product_line_only,51.2296,1,
search_attributes,bench_attributes,small,0750c1d5,[small] filters_only_product_line_with_quantity,49.9096,1,
search_attributes,bench_attributes,small,0750c1d5,[small] filters_only_rare_product_line,52.8990,0,
search_attributes,bench_attributes,small,0750c1d5,[small] filters_and_deep_pagination_no_filters,49.3551,0,
search_attributes,bench_attributes,small,0750c1d5,[small] filters_and_deep_pagination_multiple_filters_mtg,50.1868,0,
search_attributes,bench_attributes,small,0750c1d5,[small] filters_and_deep_pagination_multiple_filters_pkm,52.6872,0,
search_attributes,bench_attributes,small,0750c1d5,[small] filters_and_deep_pagination_line_and_rarity,50.1883,0,
search_attributes,bench_attributes,small,0750c1d5,[small] filters_and_deep_pagination_line_and_languages,52.4058,0,
search_attributes,bench_attributes,small,0750c1d5,[small] filters_and_deep_pagination_product_line_only,50.6885,0,
search_attributes,bench_attributes,small,0750c1d5,[small] filters_and_deep_pagination_product_line_with_quantity,53.7187,0,
search_attributes,bench_attributes,small,0750c1d5,[small] filters_and_deep_pagination_rare_product_line,52.1649,0,
search_attributes,bench_attributes,small,0750c1d5,[small] search_no_filters,54.7711,0,
search_attributes,bench_attributes,small,0750c1d5,[small] search_multiple_filters_mtg,50.5756,0,
search_attributes,bench_attributes,small,0750c1d5,[small] search_multiple_filters_pkm,54.5469,0,
search_attributes,bench_attributes,small,0750c1d5,[small] search_line_and_rarity,56.2710,0,
search_attributes,bench_attributes,small,0750c1d5,[small] search_line_and_languages,52.8994,0,
search_attributes,bench_attributes,small,0750c1d5,[small] search_product_line_only,50.3357,0,
search_attributes,bench_attributes,small,0750c1d5,[small] search_product_line_with_quantity,53.1246,0,
search_attributes,bench_attributes,small,0750c1d5,[small] search_rare_product_line,53.3751,0,
search_attributes,bench_attributes,small,0750c1d5,[small] search_and_sort_quantity_no_filters,52.5937,0,
search_attributes,bench_attributes,small,0750c1d5,[small] search_and_sort_quantity_multiple_filters_mtg,51.9497,0,
search_attributes,bench_attributes,small,0750c1d5,[small] search_and_sort_quantity_multiple_filters_pkm,53.0590,0,
search_attributes,bench_attributes,small,0750c1d5,[small] search_and_sort_quantity_line_and_rarity,51.5770,0,
search_attributes,bench_attributes,small,0750c1d5,[small] search_and_sort_quantity_line_and_languages,56.1891,0,
search_attributes,bench_attributes,small,0750c1d5,[small] search_and_sort_quantity_product_line_only,52.7944,0,
search_attributes,bench_attributes,small,0750c1d5,[small] search_and_sort_quantity_product_line_with_quantity,53.0686,0,
search_attributes,bench_attributes,small,0750c1d5,[small] search_and_sort_quantity_rare_product_line,51.5757,0,
search_attributes,bench_attributes,small,0750c1d5,[small] search_and_pagination_no_filters,52.0816,0,
search_attributes,bench_attributes,small,0750c1d5,[small] search_and_pagination_multiple_filters_mtg,54.6887,0,
search_attributes,bench_attributes,small,0750c1d5,[small] search_and_pagination_multiple_filters_pkm,53.5196,0,
search_attributes,bench_attributes,small,0750c1d5,[small] search_and_pagination_line_and_rarity,50.3956,0,
search_attributes,bench_attributes,small,0750c1d5,[small] search_and_pagination_line_and_languages,53.1183,0,
search_attributes,bench_attributes,small,0750c1d5,[small] search_and_pagination_product_line_only,51.4065,0,
search_attributes,bench_attributes,small,0750c1d5,[small] search_and_pagination_product_line_with_quantity,51.9125,0,
search_attributes,bench_attributes,small,0750c1d5,[small] search_and_pagination_rare_product_line,51.5167,0,
search_attributes,bench_attributes,small,0750c1d5,[small] search_and_deep_pagination_no_filters,52.2640,0,
search_attributes,bench_attributes,small,0750c1d5,[small] search_and_deep_pagination_multiple_filters_mtg,51.7990,0,
search_attributes,bench_attributes,small,0750c1d5,[small] search_and_deep_pagination_multiple_filters_pkm,53.3585,0,
search_attributes,bench_attributes,small,0750c1d5,[small] search_and_deep_pagination_line_and_rarity,50.4399,0,
search_attributes,bench_attributes,small,0750c1d5,[small] search_and_deep_pagination_line_and_languages,52.1216,0,
search_attributes,bench_attributes,small,0750c1d5,[small] search_and_deep_pagination_product_line_only,49.8661,0,
search_attributes,bench_attributes,small,0750c1d5,[small] search_and_deep_pagination_product_line_with_quantity,53.4731,0,
search_attributes,bench_attributes,small,0750c1d5,[small] search_and_deep_pagination_rare_product_line,51.2236,0,
search_attributes,bench_attributes,small,14efc4dc,[small] filters_only_no_filters,56.4065,1,
search_attributes,bench_attributes,small,14efc4dc,[small] filters_only_multiple_filters_mtg,49.7726,0,
search_attributes,bench_attributes,small,14efc4dc,[small] filters_only_multiple_filters_pkm,52.6081,0,
search_attributes,bench_attributes,small,14efc4dc,[small] filters_only_line_and_rarity,50.2534,1,
search_attributes,bench_attributes,small,14efc4dc,[small] filters_only_line_and_languages,52.5361,0,
search_attributes,bench_attributes,small,14efc4dc,[small] filters_only_product_line_only,51.5145,1,
search_attributes,bench_attributes,small,14efc4dc,[small] filters_only_product_line_with_quantity,50.9336,1,
search_attributes,bench_attributes,small,14efc4dc,[small] filters_only_rare_product_line,49.8148,0,
search_attributes,bench_attributes,small,14efc4dc,[small] filters_and_deep_pagination_no_filters,53.8324,0,
search_attributes,bench_attributes,small,14efc4dc,[small] filters_and_deep_pagination_multiple_filters_mtg,50.3367,0,
search_attributes,bench_attributes,small,14efc4dc,[small] filters_and_deep_pagination_multiple_filters_pkm,51.9338,0,
search_attributes,bench_attributes,small,14efc4dc,[small] filters_and_deep_pagination_line_and_rarity,51.2810,0,
search_attributes,bench_attributes,small,14efc4dc,[small] filters_and_deep_pagination_line_and_languages,53.4991,0,
search_attributes,bench_attributes,small,14efc4dc,[small] filters_and_deep_pagination_product_line_only,50.0378,0,
search_attributes,bench_attributes,small,14efc4dc,[small] filters_and_deep_pagination_product_line_with_quantity,53.6777,0,
search_attributes,bench_attributes,small,14efc4dc,[small] filters_and_deep_pagination_rare_product_line,50.1136,0,
search_attributes,bench_attributes,small,14efc4dc,[small] search_no_filters,54.6558,0,
search_attributes,bench_attributes,small,14efc4dc,[small] search_multiple_filters_mtg,51.5450,0,
search_attributes,bench_attributes,small,14efc4dc,[small] search_multiple_filters_pkm,52.8273,0,
search_attributes,bench_attributes,small,14efc4dc,[small] search_line_and_rarity,50.7592,0,
search_attributes,bench_attributes,small,14efc4dc,[small] search_line_and_languages,53.5360,0,
search_attributes,bench_attributes,small,14efc4dc,[small] search_product_line_only,50.4793,0,
search_attributes,bench_attributes,small,14efc4dc,[small] search_product_line_with_quantity,51.8746,0,
search_attributes,bench_attributes,small,14efc4dc,[small] search_rare_product_line,51.0473,0,
search_attributes,bench_attributes,small,14efc4dc,[small] search_and_sort_quantity_no_filters,53.4391,0,
search_attributes,bench_attributes,small,14efc4dc,[small] search_and_sort_quantity_multiple_filters_mtg,51.7300,0,
search_attributes,bench_attributes,small,14efc4dc,[small] search_and_sort_quantity_multiple_filters_pkm,52.9050,0,
search_attributes,bench_attributes,small,14efc4dc,[small] search_and_sort_quantity_line_and_rarity,52.4423,0,
search_attributes,bench_attributes,small,14efc4dc,[small] search_and_sort_quantity_line_and_languages,52.1733,0,
search_attributes,bench_attributes,small,14efc4dc,[small] search_and_sort_quantity_product_line_only,51.3129,0,
search_attributes,bench_attributes,small,14efc4dc,[small] search_and_sort_quantity_product_line_with_quantity,53.9763,0,
search_attributes,bench_attributes,small,14efc4dc,[small] search_and_sort_quantity_rare_product_line,52.8560,0,
search_attributes,bench_attributes,small,14efc4dc,[small] search_and_pagination_no_filters,51.6981,0,
search_attributes,bench_attributes,small,14efc4dc,[small] search_and_pagination_multiple_filters_mtg,50.2977,0,
search_attributes,bench_attributes,small,14efc4dc,[small] search_and_pagination_multiple_filters_pkm,55.1700,0,
search_attributes,bench_attributes,small,14efc4dc,[small] search_and_pagination_line_and_rarity,51.6057,0,
search_attributes,bench_attributes,small,14efc4dc,[small] search_and_pagination_line_and_languages,53.1145,0,
search_attributes,bench_attributes,small,14efc4dc,[small] search_and_pagination_product_line_only,50.8312,0,
search_attributes,bench_attributes,small,14efc4dc,[small] search_and_pagination_product_line_with_quantity,53.7391,0,
search_attributes,bench_attributes,small,14efc4dc,[small] search_and_pagination_rare_product_line,52.5299,0,
search_attributes,bench_attributes,small,14efc4dc,[small] search_and_deep_pagination_no_filters,52.4718,0,
search_attributes,bench_attributes,small,14efc4dc,[small] search_and_deep_pagination_multiple_filters_mtg,52.5060,0,
search_attributes,bench_attributes,small,14efc4dc,[small] search_and_deep_pagination_multiple_filters_pkm,52.3397,0,
search_attributes,bench_attributes,small,14efc4dc,[small] search_and_deep_pagination_line_and_rarity,50.3956,0,
search_attributes,bench_attributes,small,14efc4dc,[small] search_and_deep_pagination_line_and_languages,53.6735,0,
search_attributes,bench_attributes,small,14efc4dc,[small] search_and_deep_pagination_product_line_only,52.1486,0,
search_attributes,bench_attributes,small,14efc4dc,[small] search_and_deep_pagination_product_line_with_quantity,53.8273,0,
search_attributes,bench_attributes,small,14efc4dc,[small] search_and_deep_pagination_rare_product_line,51.2341,0,
search_attributes,bench_attributes,large,2413638f,[large] filters_only_no_filters,866.4699,31224,
search_attributes,bench_attributes,large,2413638f,[large] filters_only_multiple_filters_mtg,427.9601,11,
search_attributes,bench_attributes,large,2413638f,[large] filters_only_multiple_filters_pkm,78.5739,34,
search_attributes,bench_attributes,large,2413638f,[large] filters_only_line_and_rarity,116.7806,9006,
search_attributes,bench_attributes,large,2413638f,[large] filters_only_line_and_languages,126.1209,2541,
search_attributes,bench_attributes,large,2413638f,[large] filters_only_product_line_only,102.2506,16010,
search_attributes,bench_attributes,large,2413638f,[large] filters_only_product_line_with_quantity,87.7173,12079,
search_attributes,bench_attributes,large,2413638f,[large] filters_only_rare_product_line,50.7030,28,
search_attributes,bench_attributes,large,2413638f,[large] filters_and_deep_pagination_no_filters,221.6928,100,
search_attributes,bench_attributes,large,2413638f,[large] filters_and_deep_pagination_multiple_filters_mtg,125.6808,0,
search_attributes,bench_attributes,large,2413638f,[large] filters_and_deep_pagination_multiple_filters_pkm,79.0106,0,
search_attributes,bench_attributes,large,2413638f,[large] filters_and_deep_pagination_line_and_rarity,126.2050,100,
search_attributes,bench_attributes,large,2413638f,[large] filters_and_deep_pagination_line_and_languages,132.5023,100,
search_attributes,bench_attributes,large,2413638f,[large] filters_and_deep_pagination_product_line_only,115.3070,100,
search_attributes,bench_attributes,large,2413638f,[large] filters_and_deep_pagination_product_line_with_quantity,99.5139,100,
search_attributes,bench_attributes,large,2413638f,[large] filters_and_deep_pagination_rare_product_line,53.6990,0,
search_attributes,bench_attributes,large,2413638f,[large] search_no_filters,353.8169,563,
search_attributes,bench_attributes,large,2413638f,[large] search_multiple_filters_mtg,77.5818,0,
search_attributes,bench_attributes,large,2413638f,[large] search_multiple_filters_pkm,80.1022,0,
search_attributes,bench_attributes,large,2413638f,[large] search_line_and_rarity,77.5500,52,
search_attributes,bench_attributes,large,2413638f,[large] search_line_and_languages,81.5381,20,
search_attributes,bench_attributes,large,2413638f,[large] search_product_line_only,76.7266,133,
search_attributes,bench_attributes,large,2413638f,[large] search_product_line_with_quantity,80.8796,101,
search_attributes,bench_attributes,large,2413638f,[large] search_rare_product_line,77.0486,0,
search_attributes,bench_attributes,large,2413638f,[large] search_and_sort_quantity_no_filters,79.1967,563,
search_attributes,bench_attributes,large,2413638f,[large] search_and_sort_quantity_multiple_filters_mtg,77.9859,0,
search_attributes,bench_attributes,large,2413638f,[large] search_and_sort_quantity_multiple_filters_pkm,77.9765,0,
search_attributes,bench_attributes,large,2413638f,[large] search_and_sort_quantity_line_and_rarity,78.2149,52,
search_attributes,bench_attributes,large,2413638f,[large] search_and_sort_quantity_line_and_languages,77.1707,20,
search_attributes,bench_attributes,large,2413638f,[large] search_and_sort_quantity_product_line_only,79.0103,133,
search_attributes,bench_attributes,large,2413638f,[large] search_and_sort_quantity_product_line_with_quantity,79.8782,101,
search_attributes,bench_attributes,large,2413638f,[large] search_and_sort_quantity_rare_product_line,79.0205,0,
search_attributes,bench_attributes,large,2413638f,[large] search_and_pagination_no_filters,78.7945,10,
search_attributes,bench_attributes,large,2413638f,[large] search_and_pagination_multiple_filters_mtg,76.6152,0,
search_attributes,bench_attributes,large,2413638f,[large] search_and_pagination_multiple_filters_pkm,80.2597,0,
search_attributes,bench_attributes,large,2413638f,[large] search_and_pagination_line_and_rarity,78.4080,10,
search_attributes,bench_attributes,large,2413638f,[large] search_and_pagination_line_and_languages,79.2738,10,
search_attributes,bench_attributes,large,2413638f,[large] search_and_pagination_product_line_only,78.5055,10,
search_attributes,bench_attributes,large,2413638f,[large] search_and_pagination_product_line_with_quantity,78.2494,10,
search_attributes,bench_attributes,large,2413638f,[large] search_and_pagination_rare_product_line,78.1807,0,
search_attributes,bench_attributes,large,2413638f,[large] search_and_deep_pagination_no_filters,77.5422,0,
search_attributes,bench_attributes,large,2413638f,[large] search_and_deep_pagination_multiple_filters_mtg,86.7565,0,
search_attributes,bench_attributes,large,2413638f,[large] search_and_deep_pagination_multiple_filters_pkm,78.3477,0,
search_attributes,bench_attributes,large,2413638f,[large] search_and_deep_pagination_line_and_rarity,79.0185,0,
search_attributes,bench_attributes,large,2413638f,[large] search_and_deep_pagination_line_and_languages,78.4160,0,
search_attributes,bench_attributes,large,2413638f,[large] search_and_deep_pagination_product_line_only,81.3623,0,
search_attributes,bench_attributes,large,2413638f,[large] search_and_deep_pagination_product_line_with_quantity,78.7469,0,
search_attributes,bench_attributes,large,2413638f,[large] search_and_deep_pagination_rare_product_line,79.9100,0,
search_attributes,bench_attributes,large,1a5d3927,[large] filters_only_no_filters,1246.1824,43240,
search_attributes,bench_attributes,large,1a5d3927,[large] filters_only_multiple_filters_mtg,196.1680,12,
search_attributes,bench_attributes,large,1a5d3927,[large] filters_only_multiple_filters_pkm,92.0837,29,
search_attributes,bench_attributes,large,1a5d3927,[large] filters_only_line_and_rarity,141.0760,12366,
search_attributes,bench_attributes,large,1a5d3927,[large] filters_only_line_and_languages,159.2418,3419,
search_attributes,bench_attributes,large,1a5d3927,[large] filters_only_product_line_only,125.7612,21891,
search_attributes,bench_attributes,large,1a5d3927,[large] filters_only_product_line_with_quantity,105.3204,16449,
search_attributes,bench_attributes,large,1a5d3927,[large] filters_only_rare_product_line,50.1087,51,
search_attributes,bench_attributes,large,1a5d3927,[large] filters_and_deep_pagination_no_filters,292.5835,100,
search_attributes,bench_attributes,large,1a5d3927,[large] filters_and_deep_pagination_multiple_filters_mtg,157.2385,0,
search_attributes,bench_attributes,large,1a5d3927,[large] filters_and_deep_pagination_multiple_filters_pkm,93.7431,0,
search_attributes,bench_attributes,large,1a5d3927,[large] filters_and_deep_pagination_line_and_rarity,154.5222,100,
search_attributes,bench_attributes,large,1a5d3927,[large] filters_and_deep_pagination_line_and_languages,167.9425,100,
search_attributes,bench_attributes,large,1a5d3927,[large] filters_and_deep_pagination_product_line_only,142.2027,100,
search_attributes,bench_attributes,large,1a5d3927,[large] filters_and_deep_pagination_product_line_with_quantity,121.6130,100,
search_attributes,bench_attributes,large,1a5d3927,[large] filters_and_deep_pagination_rare_product_line,49.2204,0,
search_attributes,bench_attributes,large,1a5d3927,[large] search_no_filters,483.8878,789,
search_attributes,bench_attributes,large,1a5d3927,[large] search_multiple_filters_mtg,87.9312,0,
search_attributes,bench_attributes,large,1a5d3927,[large] search_multiple_filters_pkm,89.1005,0,
search_attributes,bench_attributes,large,1a5d3927,[large] search_line_and_rarity,88.7797,72,
search_attributes,bench_attributes,large,1a5d3927,[large] search_line_and_languages,88.6663,28,
search_attributes,bench_attributes,large,1a5d3927,[large] search_product_line_only,89.4952,163,
search_attributes,bench_attributes,large,1a5d3927,[large] search_product_line_with_quantity,87.8463,118,
search_attributes,bench_attributes,large,1a5d3927,[large] search_rare_product_line,91.4533,0,
search_attributes,bench_attributes,large,1a5d3927,[large] search_and_sort_quantity_no_filters,85.3312,789,
search_attributes,bench_attributes,large,1a5d3927,[large] search_and_sort_quantity_multiple_filters_mtg,89.6806,0,
search_attributes,bench_attributes,large,1a5d3927,[large] search_and_sort_quantity_multiple_filters_pkm,88.1388,0,
search_attributes,bench_attributes,large,1a5d3927,[large] search_and_sort_quantity_line_and_rarity,98.0700,72,
search_attributes,bench_attributes,large,1a5d3927,[large] search_and_sort_quantity_line_and_languages,92.1228,28,
search_attributes,bench_attributes,large,1a5d3927,[large] search_and_sort_quantity_product_line_only,88.1299,163,
search_attributes,bench_attributes,large,1a5d3927,[large] search_and_sort_quantity_product_line_with_quantity,90.0113,118,
search_attributes,bench_attributes,large,1a5d3927,[large] search_and_sort_quantity_rare_product_line,90.5450,0,
search_attributes,bench_attributes,large,1a5d3927,[large] search_and_pagination_no_filters,86.2345,10,
search_attributes,bench_attributes,large,1a5d3927,[large] search_and_pagination_multiple_filters_mtg,87.8288,0,
search_attributes,bench_attributes,large,1a5d3927,[large] search_and_pagination_multiple_filters_pkm,89.6654,0,
search_attributes,bench_attributes,large,1a5d3927,[large] search_and_pagination_line_and_rarity,87.2632,10,
search_attributes,bench_attributes,large,1a5d3927,[large] search_and_pagination_line_and_languages,89.1300,10,
search_attributes,bench_attributes,large,1a5d3927,[large] search_and_pagination_product_line_only,89.2441,10,
search_attributes,bench_attributes,large,1a5d3927,[large] search_and_pagination_product_line_with_quantity,90.3922,10,
search_attributes,bench_attributes,large,1a5d3927,[large] search_and_pagination_rare_product_line,88.5202,0,
search_attributes,bench_attributes,large,1a5d3927,[large] search_and_deep_pagination_no_filters,85.3445,0,
search_attributes,bench_attributes,large,1a5d3927,[large] search_and_deep_pagination_multiple_filters_mtg,88.3327,0,
search_attributes,bench_attributes,large,1a5d3927,[large] search_and_deep_pagination_multiple_filters_pkm,95.1382,0,
search_attributes,bench_attributes,large,1a5d3927,[large] search_and_deep_pagination_line_and_rarity,88.2873,0,
search_attributes,bench_attributes,large,1a5d3927,[large] search_and_deep_pagination_line_and_languages,88.8467,0,
search_attributes,bench_attributes,large,1a5d3927,[large] search_and_deep_pagination_product_line_only,88.0573,0,
search_attributes,bench_attributes,large,1a5d3927,[large] search_and_deep_pagination_product_line_with_quantity,90.0920,0,
search_attributes,bench_attributes,large,1a5d3927,[large] search_and_deep_pagination_rare_product_line,87.4645,0,
search_attributes,bench_attributes,large,3da9b755,[large] filters_only_no_filters,1719.4647,67011,
search_attributes,bench_attributes,large,3da9b755,[large] filters_only_multiple_filters_mtg,820.5029,22,
search_attributes,bench_attributes,large,3da9b755,[large] filters_only_multiple_filters_pkm,111.6890,64,
search_attributes,bench_attributes,large,3da9b755,[large] filters_only_line_and_rarity,196.8411,19500,
search_attributes,bench_attributes,large,3da9b755,[large] filters_only_line_and_languages,219.2185,5394,
search_attributes,bench_attributes,large,3da9b755,[large] filters_only_product_line_only,168.7947,34019,
search_attributes,bench_attributes,large,3da9b755,[large] filters_only_product_line_with_quantity,142.4113,25854,
search_attributes,bench_attributes,large,3da9b755,[large] filters_only_rare_product_line,52.8510,38,
search_attributes,bench_attributes,large,3da9b755,[large] filters_and_deep_pagination_no_filters,485.7379,100,
search_attributes,bench_attributes,large,3da9b755,[large] filters_and_deep_pagination_multiple_filters_mtg,223.0125,0,
search_attributes,bench_attributes,large,3da9b755,[large] filters_and_deep_pagination_multiple_filters_pkm,113.8446,0,
search_attributes,bench_attributes,large,3da9b755,[large] filters_and_deep_pagination_line_and_rarity,214.8527,100,
search_attributes,bench_attributes,large,3da9b755,[large] filters_and_deep_pagination_line_and_languages,233.2135,100,
search_attributes,bench_attributes,large,3da9b755,[large] filters_and_deep_pagination_product_line_only,191.3272,100,
search_attributes,bench_attributes,large,3da9b755,[large] filters_and_deep_pagination_product_line_with_quantity,159.5739,100,
search_attributes,bench_attributes,large,3da9b755,[large] filters_and_deep_pagination_rare_product_line,50.3176,0,
search_attributes,bench_attributes,large,3da9b755,[large] search_no_filters,630.3713,1112,
search_attributes,bench_attributes,large,3da9b755,[large] search_multiple_filters_mtg,103.3943,0,
search_attributes,bench_attributes,large,3da9b755,[large] search_multiple_filters_pkm,104.3576,0,
search_attributes,bench_attributes,large,3da9b755,[large] search_line_and_rarity,104.9219,110,
search_attributes,bench_attributes,large,3da9b755,[large] search_line_and_languages,103.6745,32,
search_attributes,bench_attributes,large,3da9b755,[large] search_product_line_only,103.8004,241,
search_attributes,bench_attributes,large,3da9b755,[large] search_product_line_with_quantity,109.6448,180,
search_attributes,bench_attributes,large,3da9b755,[large] search_rare_product_line,110.0975,0,
search_attributes,bench_attributes,large,3da9b755,[large] search_and_sort_quantity_no_filters,98.5202,1112,
search_attributes,bench_attributes,large,3da9b755,[large] search_and_sort_quantity_multiple_filters_mtg,101.7611,0,
search_attributes,bench_attributes,large,3da9b755,[large] search_and_sort_quantity_multiple_filters_pkm,101.2009,0,
search_attributes,bench_attributes,large,3da9b755,[large] search_and_sort_quantity_line_and_rarity,102.4687,110,
search_attributes,bench_attributes,large,3da9b755,[large] search_and_sort_quantity_line_and_languages,104.6328,32,
search_attributes,bench_attributes,large,3da9b755,[large] search_and_sort_quantity_product_line_only,108.0212,241,
search_attributes,bench_attributes,large,3da9b755,[large] search_and_sort_quantity_product_line_with_quantity,104.8284,180,
search_attributes,bench_attributes,large,3da9b755,[large] search_and_sort_quantity_rare_product_line,104.6276,0,
search_attributes,bench_attributes,large,3da9b755,[large] search_and_pagination_no_filters,100.5487,10,
search_attributes,bench_attributes,large,3da9b755,[large] search_and_pagination_multiple_filters_mtg,106.2366,0,
search_attributes,bench_attributes,large,3da9b755,[large] search_and_pagination_multiple_filters_pkm,104.7697,0,
search_attributes,bench_attributes,large,3da9b755,[large] search_and_pagination_line_and_rarity,105.7022,10,
search_attributes,bench_attributes,large,3da9b755,[large] search_and_pagination_line_and_languages,106.8228,10,
search_attributes,bench_attributes,large,3da9b755,[large] search_and_pagination_product_line_only,105.9711,10,
search_attributes,bench_attributes,large,3da9b755,[large] search_and_pagination_product_line_with_quantity,105.2556,10,
search_attributes,bench_attributes,large,3da9b755,[large] search_and_pagination_rare_product_line,106.2270,0,
search_attributes,bench_attributes,large,3da9b755,[large] search_and_deep_pagination_no_filters,99.3446,100,
search_attributes,bench_attributes,large,3da9b755,[large] search_and_deep_pagination_multiple_filters_mtg,102.5616,0,
search_attributes,bench_attributes,large,3da9b755,[large] search_and_deep_pagination_multiple_filters_pkm,104.8455,0,
search_attributes,bench_attributes,large,3da9b755,[large] search_and_deep_pagination_line_and_rarity,105.2099,0,
search_attributes,bench_attributes,large,3da9b755,[large] search_and_deep_pagination_line_and_languages,103.5389,0,
search_attributes,bench_attributes,large,3da9b755,[large] search_and_deep_pagination_product_line_only,104.0241,0,
search_attributes,bench_attributes,large,3da9b755,[large] search_and_deep_pagination_product_line_with_quantity,108.1994,0,
search_attributes,bench_attributes,large,3da9b755,[large] search_and_deep_pagination_rare_product_line,102.6293,0,
search_attributes,bench_attributes,medium,05bdfca5,[medium] filters_only_no_filters,52.2269,2,
search_attributes,bench_attributes,medium,05bdfca5,[medium] filters_only_multiple_filters_mtg,51.3969,0,
search_attributes,bench_attributes,medium,05bdfca5,[medium] filters_only_multiple_filters_pkm,50.5322,0,
search_attributes,bench_attributes,medium,05bdfca5,[medium] filters_only_line_and_rarity,53.4812,0,
search_attributes,bench_attributes,medium,05bdfca5,[medium] filters_only_line_and_languages,48.9682,0,
search_attributes,bench_attributes,medium,05bdfca5,[medium] filters_only_product_line_only,49.9784,0,
search_attributes,bench_attributes,medium,05bdfca5,[medium] filters_only_product_line_with_quantity,57.8362,0,
search_attributes,bench_attributes,medium,05bdfca5,[medium] filters_only_rare_product_line,49.8871,0,
search_attributes,bench_attributes,medium,05bdfca5,[medium] filters_and_deep_pagination_no_filters,52.5817,0,
search_attributes,bench_attributes,medium,05bdfca5,[medium] filters_and_deep_pagination_multiple_filters_mtg,51.4427,0,
search_attributes,bench_attributes,medium,05bdfca5,[medium] filters_and_deep_pagination_multiple_filters_pkm,52.1732,0,
search_attributes,bench_attributes,medium,05bdfca5,[medium] filters_and_deep_pagination_line_and_rarity,51.0082,0,
search_attributes,bench_attributes,medium,05bdfca5,[medium] filters_and_deep_pagination_line_and_languages,52.7427,0,
search_attributes,bench_attributes,medium,05bdfca5,[medium] filters_and_deep_pagination_product_line_only,50.0183,0,
search_attributes,bench_attributes,medium,05bdfca5,[medium] filters_and_deep_pagination_product_line_with_quantity,51.8147,0,
search_attributes,bench_attributes,medium,05bdfca5,[medium] filters_and_deep_pagination_rare_product_line,52.1838,0,
search_attributes,bench_attributes,medium,05bdfca5,[medium] search_no_filters,53.7627,0,
search_attributes,bench_attributes,medium,05bdfca5,[medium] search_multiple_filters_mtg,50.8194,0,
search_attributes,bench_attributes,medium,05bdfca5,[medium] search_multiple_filters_pkm,54.4966,0,
search_attributes,bench_attributes,medium,05bdfca5,[medium] search_line_and_rarity,50.8795,0,
search_attributes,bench_attributes,medium,05bdfca5,[medium] search_line_and_languages,53.3955,0,
search_attributes,bench_attributes,medium,05bdfca5,[medium] search_product_line_only,52.4950,0,
search_attributes,bench_attributes,medium,05bdfca5,[medium] search_product_line_with_quantity,53.2034,0,
search_attributes,bench_attributes,medium,05bdfca5,[medium] search_rare_product_line,49.9513,0,
search_attributes,bench_attributes,medium,05bdfca5,[medium] search_and_sort_quantity_no_filters,51.8949,0,
search_attributes,bench_attributes,medium,05bdfca5,[medium] search_and_sort_quantity_multiple_filters_mtg,50.7650,0,
search_attributes,bench_attributes,medium,05bdfca5,[medium] search_and_sort_quantity_multiple_filters_pkm,52.4146,0,
search_attributes,bench_attributes,medium,05bdfca5,[medium] search_and_sort_quantity_line_and_rarity,52.1271,0,
search_attributes,bench_attributes,medium,05bdfca5,[medium] search_and_sort_quantity_line_and_languages,52.7197,0,
search_attributes,bench_attributes,medium,05bdfca5,[medium] search_and_sort_quantity_product_line_only,51.9005,0,
search_attributes,bench_attributes,medium,05bdfca5,[medium] search_and_sort_quantity_product_line_with_quantity,51.9494,0,
search_attributes,bench_attributes,medium,05bdfca5,[medium] search_and_sort_quantity_rare_product_line,51.9965,0,
search_attributes,bench_attributes,medium,05bdfca5,[medium] search_and_pagination_no_filters,52.2459,0,
search_attributes,bench_attributes,medium,05bdfca5,[medium] search_and_pagination_multiple_filters_mtg,51.1438,0,
search_attributes,bench_attributes,medium,05bdfca5,[medium] search_and_pagination_multiple_filters_pkm,52.6266,0,
search_attributes,bench_attributes,medium,05bdfca5,[medium] search_and_pagination_line_and_rarity,61.2422,0,
search_attributes,bench_attributes,medium,05bdfca5,[medium] search_and_pagination_line_and_languages,49.8284,0,
search_attributes,bench_attributes,medium,05bdfca5,[medium] search_and_pagination_product_line_only,54.7917,0,
search_attributes,bench_attributes,medium,05bdfca5,[medium] search_and_pagination_product_line_with_quantity,49.3110,0,
search_attributes,bench_attributes,medium,05bdfca5,[medium] search_and_pagination_rare_product_line,50.7021,0,
search_attributes,bench_attributes,medium,05bdfca5,[medium] search_and_deep_pagination_no_filters,53.2261,0,
search_attributes,bench_attributes,medium,05bdfca5,[medium] search_and_deep_pagination_multiple_filters_mtg,50.6280,0,
search_attributes,bench_attributes,medium,05bdfca5,[medium] search_and_deep_pagination_multiple_filters_pkm,52.8116,0,
search_attributes,bench_attributes,medium,05bdfca5,[medium] search_and_deep_pagination_line_and_rarity,51.6710,0,
search_attributes,bench_attributes,medium,05bdfca5,[medium] search_and_deep_pagination_line_and_languages,52.8968,0,
search_attributes,bench_attributes,medium,05bdfca5,[medium] search_and_deep_pagination_product_line_only,50.8583,0,
search_attributes,bench_attributes,medium,05bdfca5,[medium] search_and_deep_pagination_product_line_with_quantity,54.7318,0,
search_attributes,bench_attributes,medium,05bdfca5,[medium] search_and_deep_pagination_rare_product_line,52.7449,0,
search_attributes,bench_attributes,medium,3b1bc6ed,[medium] filters_only_no_filters,52.2676,2,
search_attributes,bench_attributes,medium,3b1bc6ed,[medium] filters_only_multiple_filters_mtg,53.1628,0,
search_attributes,bench_attributes,medium,3b1bc6ed,[medium] filters_only_multiple_filters_pkm,51.7162,0,
search_attributes,bench_attributes,medium,3b1bc6ed,[medium] filters_only_line_and_rarity,50.1681,0,
search_attributes,bench_attributes,medium,3b1bc6ed,[medium] filters_only_line_and_languages,52.4285,0,
search_attributes,bench_attributes,medium,3b1bc6ed,[medium] filters_only_product_line_only,49.3246,2,
search_attributes,bench_attributes,medium,3b1bc6ed,[medium] filters_only_product_line_with_quantity,50.1053,1,
search_attributes,bench_attributes,medium,3b1bc6ed,[medium] filters_only_rare_product_line,49.7353,0,
search_attributes,bench_attributes,medium,3b1bc6ed,[medium] filters_and_deep_pagination_no_filters,49.0589,0,
search_attributes,bench_attributes,medium,3b1bc6ed,[medium] filters_and_deep_pagination_multiple_filters_mtg,53.7412,0,
search_attributes,bench_attributes,medium,3b1bc6ed,[medium] filters_and_deep_pagination_multiple_filters_pkm,51.1951,0,
search_attributes,bench_attributes,medium,3b1bc6ed,[medium] filters_and_deep_pagination_line_and_rarity,51.8267,0,
search_attributes,bench_attributes,medium,3b1bc6ed,[medium] filters_and_deep_pagination_line_and_languages,51.9780,0,
search_attributes,bench_attributes,medium,3b1bc6ed,[medium] filters_and_deep_pagination_product_line_only,51.6569,0,
search_attributes,bench_attributes,medium,3b1bc6ed,[medium] filters_and_deep_pagination_product_line_with_quantity,50.3787,0,
search_attributes,bench_attributes,medium,3b1bc6ed,[medium] filters_and_deep_pagination_rare_product_line,52.7675,0,
search_attributes,bench_attributes,medium,3b1bc6ed,[medium] search_no_filters,51.0018,0,
search_attributes,bench_attributes,medium,3b1bc6ed,[medium] search_multiple_filters_mtg,57.0539,0,
search_attributes,bench_attributes,medium,3b1bc6ed,[medium] search_multiple_filters_pkm,54.1675,0,
search_attributes,bench_attributes,medium,3b1bc6ed,[medium] search_line_and_rarity,55.1212,0,
search_attributes,bench_attributes,medium,3b1bc6ed,[medium] search_line_and_languages,49.7948,0,
search_attributes,bench_attributes,medium,3b1bc6ed,[medium] search_product_line_only,52.9437,0,
search_attributes,bench_attributes,medium,3b1bc6ed,[medium] search_product_line_with_quantity,50.7165,0,
search_attributes,bench_attributes,medium,3b1bc6ed,[medium] search_rare_product_line,53.8142,0,
search_attributes,bench_attributes,medium,3b1bc6ed,[medium] search_and_sort_quantity_no_filters,51.7026,0,
search_attributes,bench_attributes,medium,3b1bc6ed,[medium] search_and_sort_quantity_multiple_filters_mtg,56.8903,0,
search_attributes,bench_attributes,medium,3b1bc6ed,[medium] search_and_sort_quantity_multiple_filters_pkm,50.6273,0,
search_attributes,bench_attributes,medium,3b1bc6ed,[medium] search_and_sort_quantity_line_and_rarity,53.5268,0,
search_attributes,bench_attributes,medium,3b1bc6ed,[medium] search_and_sort_quantity_line_and_languages,51.8675,0,
search_attributes,bench_attributes,medium,3b1bc6ed,[medium] search_and_sort_quantity_product_line_only,52.8100,0,
search_attributes,bench_attributes,medium,3b1bc6ed,[medium] search_and_sort_quantity_product_line_with_quantity,52.1026,0,
search_attributes,bench_attributes,medium,3b1bc6ed,[medium] search_and_sort_quantity_rare_product_line,53.7485,0,
search_attributes,bench_attributes,medium,3b1bc6ed,[medium] search_and_pagination_no_filters,51.6557,0,
search_attributes,bench_attributes,medium,3b1bc6ed,[medium] search_and_pagination_multiple_filters_mtg,51.6175,0,
search_attributes,bench_attributes,medium,3b1bc6ed,[medium] search_and_pagination_multiple_filters_pkm,50.8254,0,
search_attributes,bench_attributes,medium,3b1bc6ed,[medium] search_and_pagination_line_and_rarity,55.7194,0,
search_attributes,bench_attributes,medium,3b1bc6ed,[medium] search_and_pagination_line_and_languages,50.8708,0,
search_attributes,bench_attributes,medium,3b1bc6ed,[medium] search_and_pagination_product_line_only,52.8758,0,
search_attributes,bench_attributes,medium,3b1bc6ed,[medium] search_and_pagination_product_line_with_quantity,51.7222,0,
search_attributes,bench_attributes,medium,3b1bc6ed,[medium] search_and_pagination_rare_product_line,52.0108,0,
search_attributes,bench_attributes,medium,3b1bc6ed,[medium] search_and_deep_pagination_no_filters,50.8844,0,
search_attributes,bench_attributes,medium,3b1bc6ed,[medium] search_and_deep_pagination_multiple_filters_mtg,54.9191,0,
search_attributes,bench_attributes,medium,3b1bc6ed,[medium] search_and_deep_pagination_multiple_filters_pkm,51.6711,0,
search_attributes,bench_attributes,medium,3b1bc6ed,[medium] search_and_deep_pagination_line_and_rarity,52.6194,0,
search_attributes,bench_attributes,medium,3b1bc6ed,[medium] search_and_deep_pagination_line_and_languages,51.4953,0,
search_attributes,bench_attributes,medium,3b1bc6ed,[medium] search_and_deep_pagination_product_line_only,57.1449,0,
search_attributes,bench_attributes,medium,3b1bc6ed,[medium] search_and_deep_pagination_product_line_with_quantity,50.5631,0,
search_attributes,bench_attributes,medium,3b1bc6ed,[medium] search_and_deep_pagination_rare_product_line,50.4125,0,
search_attributes,bench_attributes,medium,14d1f560,[medium] filters_only_no_filters,51.8113,2,
search_attributes,bench_attributes,medium,14d1f560,[medium] filters_only_multiple_filters_mtg,50.0587,0,
search_attributes,bench_attributes,medium,14d1f560,[medium] filters_only_multiple_filters_pkm,57.5040,0,
search_attributes,bench_attributes,medium,14d1f560,[medium] filters_only_line_and_rarity,49.9592,0,
search_attributes,bench_attributes,medium,14d1f560,[medium] filters_only_line_and_languages,51.7151,0,
search_attributes,bench_attributes,medium,14d1f560,[medium] filters_only_product_line_only,50.7813,0,
search_attributes,bench_attributes,medium,14d1f560,[medium] filters_only_product_line_with_quantity,49.6600,0,
search_attributes,bench_attributes,medium,14d1f560,[medium] filters_only_rare_product_line,52.2296,0,
search_attributes,bench_attributes,medium,14d1f560,[medium] filters_and_deep_pagination_no_filters,50.0078,0,
search_attributes,bench_attributes,medium,14d1f560,[medium] filters_and_deep_pagination_multiple_filters_mtg,51.5167,0,
search_attributes,bench_attributes,medium,14d1f560,[medium] filters_and_deep_pagination_multiple_filters_pkm,50.2770,0,
search_attributes,bench_attributes,medium,14d1f560,[medium] filters_and_deep_pagination_line_and_rarity,51.7126,0,
search_attributes,bench_attributes,medium,14d1f560,[medium] filters_and_deep_pagination_line_and_languages,51.0606,0,
search_attributes,bench_attributes,medium,14d1f560,[medium] filters_and_deep_pagination_product_line_only,51.7415,0,
search_attributes,bench_attributes,medium,14d1f560,[medium] filters_and_deep_pagination_product_line_with_quantity,51.3828,0,
search_attributes,bench_attributes,medium,14d1f560,[medium] filters_and_deep_pagination_rare_product_line,53.1937,0,
search_attributes,bench_attributes,medium,14d1f560,[medium] search_no_filters,52.1041,0,
search_attributes,bench_attributes,medium,14d1f560,[medium] search_multiple_filters_mtg,51.7612,0,
search_attributes,bench_attributes,medium,14d1f560,[medium] search_multiple_filters_pkm,51.1462,0,
search_attributes,bench_attributes,medium,14d1f560,[medium] search_line_and_rarity,55.8423,0,
search_attributes,bench_attributes,medium,14d1f560,[medium] search_line_and_languages,51.0120,0,
search_attributes,bench_attributes,medium,14d1f560,[medium] search_product_line_only,53.7080,0,
search_attributes,bench_attributes,medium,14d1f560,[medium] search_product_line_with_quantity,52.2195,0,
search_attributes,bench_attributes,medium,14d1f560,[medium] search_rare_product_line,53.9473,0,
search_attributes,bench_attributes,medium,14d1f560,[medium] search_and_sort_quantity_no_filters,55.7703,0,
search_attributes,bench_attributes,medium,14d1f560,[medium] search_and_sort_quantity_multiple_filters_mtg,53.8626,0,
search_attributes,bench_attributes,medium,14d1f560,[medium] search_and_sort_quantity_multiple_filters_pkm,51.0330,0,
search_attributes,bench_attributes,medium,14d1f560,[medium] search_and_sort_quantity_line_and_rarity,53.6453,0,
search_attributes,bench_attributes,medium,14d1f560,[medium] search_and_sort_quantity_line_and_languages,50.3533,0,
search_attributes,bench_attributes,medium,14d1f560,[medium] search_and_sort_quantity_product_line_only,53.7295,0,
search_attributes,bench_attributes,medium,14d1f560,[medium] search_and_sort_quantity_product_line_with_quantity,50.1582,0,
search_attributes,bench_attributes,medium,14d1f560,[medium] search_and_sort_quantity_rare_product_line,54.3854,0,
search_attributes,bench_attributes,medium,14d1f560,[medium] search_and_pagination_no_filters,49.9955,0,
search_attributes,bench_attributes,medium,14d1f560,[medium] search_and_pagination_multiple_filters_mtg,52.7452,0,
search_attributes,bench_attributes,medium,14d1f560,[medium] search_and_pagination_multiple_filters_pkm,50.9069,0,
search_attributes,bench_attributes,medium,14d1f560,[medium] search_and_pagination_line_and_rarity,52.5308,0,
search_attributes,bench_attributes,medium,14d1f560,[medium] search_and_pagination_line_and_languages,50.9527,0,
search_attributes,bench_attributes,medium,14d1f560,[medium] search_and_pagination_product_line_only,53.2033,0,
search_attributes,bench_attributes,medium,14d1f560,[medium] search_and_pagination_product_line_with_quantity,55.1200,0,
search_attributes,bench_attributes,medium,14d1f560,[medium] search_and_pagination_rare_product_line,52.0247,0,
search_attributes,bench_attributes,medium,14d1f560,[medium] search_and_deep_pagination_no_filters,52.6845,0,
search_attributes,bench_attributes,medium,14d1f560,[medium] search_and_deep_pagination_multiple_filters_mtg,56.4803,0,
search_attributes,bench_attributes,medium,14d1f560,[medium] search_and_deep_pagination_multiple_filters_pkm,50.7185,0,
search_attributes,bench_attributes,medium,14d1f560,[medium] search_and_deep_pagination_line_and_rarity,53.7964,0,
search_attributes,bench_attributes,medium,14d1f560,[medium] search_and_deep_pagination_line_and_languages,50.6868,0,
search_attributes,bench_attributes,medium,14d1f560,[medium] search_and_deep_pagination_product_line_only,55.7320,0,
search_attributes,bench_attributes,medium,14d1f560,[medium] search_and_deep_pagination_product_line_with_quantity,51.7479,0,
search_attributes,bench_attributes,medium,14d1f560,[medium] search_and_deep_pagination_rare_product_line,52.3455,0,
